"shortPostcode","Town","District","County","Population2020","Population2021","Population2022","Population2023","Population2024"
"DN85","DONCASTER","DONCASTER","SOUTH YORKSHIRE",7965.82086747507,8009.03544568112,8048.43990007387,8084.73836402321,8118.85595991938
"S368","SHEFFIELD","BARNSLEY","SOUTH YORKSHIRE",1875.93541164968,1886.11236125788,1895.39203407527,1903.94025214895,1911.97488001302
"S366","SHEFFIELD","BARNSLEY","SOUTH YORKSHIRE",7144.7007807224,7183.46078245782,7218.80340950752,7251.36021288439,7281.96095298277
"S252","SHEFFIELD","ROTHERHAM","SOUTH YORKSHIRE",9276.63870324841,9326.96446821353,9372.85313339714,9415.12470102876,9454.8565272671
"DN68","DONCASTER","DONCASTER","SOUTH YORKSHIRE",9228.83740453706,9278.90384745667,9324.55605438616,9366.60980219144,9406.13689555668
"S205","SHEFFIELD","SHEFFIELD","SOUTH YORKSHIRE",5953.91731726867,5986.21731871485,6015.66950792293,6042.80017740366,6068.30079415231
"DN12","DONCASTER","DONCASTER","SOUTH YORKSHIRE",32410.3427773746,32586.1688869418,32746.4928378656,32894.1795205644,33032.9929581411
"DN50","DONCASTER","DONCASTER","SOUTH YORKSHIRE",10438.7413874753,10495.3715595024,10547.0087875751,10594.5757972071,10639.2849070713
"S254","SHEFFIELD","ROTHERHAM","SOUTH YORKSHIRE",7015.10614866054,7053.16309951702,7087.86466196664,7119.83093159211,7149.87661812343
"S137","SHEFFIELD","SHEFFIELD","SOUTH YORKSHIRE",10256.0342012897,10311.6731868317,10362.406618911,10409.1410727622,10453.0676480893
"DN47","DONCASTER","DONCASTER","SOUTH YORKSHIRE",8249.44190649572,8294.19512883846,8335.00256887234,8372.59343045796,8407.92577473449
"DN76","DONCASTER","DONCASTER","SOUTH YORKSHIRE",9530.51671195977,9582.21976512215,9629.36428636655,9672.79271929807,9713.6119045735
"S712","BARNSLEY","BARNSLEY","SOUTH YORKSHIRE",9640.9908245371,9693.29319976022,9740.98420230304,9784.91604105543,9826.20838674868
"S715","BARNSLEY","BARNSLEY","SOUTH YORKSHIRE",8689.21385464009,8736.35283980152,8779.33569577334,8818.93049976128,8856.14638647027
"S627","ROTHERHAM","ROTHERHAM","SOUTH YORKSHIRE",9235.2109110319,9285.31193022425,9330.99566492096,9373.07845536975,9412.63284645141
"S705","BARNSLEY","BARNSLEY","SOUTH YORKSHIRE",8280.24718788747,8325.16752888176,8366.12735312386,8403.85858748645,8439.32287072564
"S352","SHEFFIELD","SHEFFIELD","SOUTH YORKSHIRE",6540.27991479451,6575.76093333227,6608.11367712426,6637.91626980809,6665.92827646668
"DN33","DONCASTER","DONCASTER","SOUTH YORKSHIRE",31289.6678853641,31459.4143336422,31614.1946521638,31756.774670045,31890.7882591526
"S367","SHEFFIELD","BARNSLEY","SOUTH YORKSHIRE",1761.21229474245,1770.76687144143,1779.47904444892,1787.50449493939,1795.04776390803
"S614","ROTHERHAM","ROTHERHAM","SOUTH YORKSHIRE",8635.0390494339,8681.88413627708,8724.59900622757,8763.94694774565,8800.93080386514
"S818","WORKSOP","ROTHERHAM","SOUTH YORKSHIRE",8186.76909262973,8231.18231495725,8271.67973194684,8308.98500753792,8344.04892426973
"S667","ROTHERHAM","ROTHERHAM","SOUTH YORKSHIRE",10727.6736819084,10785.8713116327,10838.9377984859,10887.8214079571,10933.7680142987
"DN11","DONCASTER","DONCASTER","SOUTH YORKSHIRE",30443.0537726321,30608.2073393486,30758.7997194582,30897.521906193,31027.9094486371
"S201","SHEFFIELD","SHEFFIELD","SOUTH YORKSHIRE",7275.35766386675,7314.82647919323,7350.81542547086,7383.96760303973,7415.12794632456
"DN10","DONCASTER","DONCASTER","SOUTH YORKSHIRE",12838.3665827849,12908.0147214965,12971.5221539262,13030.0237188404,13085.0104189339
"S208","SHEFFIELD","SHEFFIELD","SOUTH YORKSHIRE",4365.85194896953,4389.53669579269,4411.13321633599,4431.02742714167,4449.72636288421
"S605","ROTHERHAM","ROTHERHAM","SOUTH YORKSHIRE",16134.5316917027,16222.0615261302,16301.8740688388,16375.3955208892,16444.4996899874
"DN75","DONCASTER","DONCASTER","SOUTH YORKSHIRE",7737.43688474309,7779.41247984282,7817.68718924365,7852.94495846713,7886.08438619186
"S264","SHEFFIELD","ROTHERHAM","SOUTH YORKSHIRE",6227.97809654705,6261.76487772082,6292.5727609192,6320.95226407095,6347.62668262533
"DN84","DONCASTER","DONCASTER","SOUTH YORKSHIRE",10405.8116039186,10462.2631318699,10513.7374664787,10561.1544224525,10605.7224941152
"S728","BARNSLEY","BARNSLEY","SOUTH YORKSHIRE",13730.6574920633,13805.1463089578,13873.0676287978,13935.6351638037,13994.443544195
"DN49","DONCASTER","DONCASTER","SOUTH YORKSHIRE",10987.9251971146,11047.5346913089,11101.8885619902,11151.9580794047,11199.0193424998
"S603","ROTHERHAM","ROTHERHAM","SOUTH YORKSHIRE",8137.90554283591,8182.0536804058,8222.3093845134,8259.39199983755,8294.24663407686
"DN74","DONCASTER","DONCASTER","SOUTH YORKSHIRE",8874.04554299063,8922.18724006135,8966.08440128246,9006.52144193224,9044.52896241719
"S662","ROTHERHAM","ROTHERHAM","SOUTH YORKSHIRE",9797.14173366083,9850.29122756594,9898.75466040557,9943.39804392399,9985.35918366935
"DN46","DONCASTER","DONCASTER","SOUTH YORKSHIRE",12364.6026000013,12431.6805691063,12492.8444375063,12549.1871659195,12602.1447357596
"S668","ROTHERHAM","ROTHERHAM","SOUTH YORKSHIRE",9871.49930943403,9925.05219318771,9973.8834499782,10018.8656643376,10061.1452774411
"S730","BARNSLEY","ROTHERHAM","SOUTH YORKSHIRE",12562.1813013415,12630.3311349013,12692.472364085,12749.715414447,12803.519213496
"S704","BARNSLEY","BARNSLEY","SOUTH YORKSHIRE",8638.22580268132,8685.08817766087,8727.81881149496,8767.1812743348,8804.17877931249
"S753","BARNSLEY","BARNSLEY","SOUTH YORKSHIRE",8169.77307531014,8214.0940942437,8254.50743718738,8291.73526572909,8326.72638855047
"S749","BARNSLEY","BARNSLEY","SOUTH YORKSHIRE",6512.66138665017,6547.99257467275,6580.20869814014,6609.88543936875,6637.77915592289
"S714","BARNSLEY","BARNSLEY","SOUTH YORKSHIRE",10695.8061494341,10753.8308977948,10806.7397458119,10855.4781420656,10901.2882598251
"DN48","DONCASTER","DONCASTER","SOUTH YORKSHIRE",8113.473767939,8157.48936313007,8197.62421079667,8234.59549598737,8269.34548898043
"DN24","DONCASTER","DONCASTER","SOUTH YORKSHIRE",8692.40060788752,8739.55688118531,8782.55550104074,8822.16482635043,8859.39436191763
"DN31","DONCASTER","DONCASTER","SOUTH YORKSHIRE",19063.1579260845,19166.5755578335,19260.875109578,19347.7416563222,19429.3891261119
"DN69","DONCASTER","DONCASTER","SOUTH YORKSHIRE",5778.6458886604,5809.99504260639,5838.58021821601,5864.91221500016,5889.66214454746
"DN59","DONCASTER","DONCASTER","SOUTH YORKSHIRE",11397.9541149497,11459.7880160233,11516.1701730621,11568.1081005426,11616.9255167269
"S207","SHEFFIELD","SHEFFIELD","SOUTH YORKSHIRE",4213.9500441757,4236.81072316536,4257.65583192333,4276.8578597253,4294.90619989334
"S637","ROTHERHAM","ROTHERHAM","SOUTH YORKSHIRE",7150.01203613478,7188.80085143081,7224.16975161985,7256.75075719965,7287.37424539504
"S119","SHEFFIELD","SHEFFIELD","SOUTH YORKSHIRE",10555.5890065475,10612.853076908,10665.0683140464,10713.1677721428,10758.3773401412
"S604","ROTHERHAM","ROTHERHAM","SOUTH YORKSHIRE",6788.8466680935,6825.67616126791,6859.25848798135,6890.19374376214,6919.27036136082
"S118","SHEFFIELD","SHEFFIELD","SOUTH YORKSHIRE",14668.6251978881,14748.2024895867,14820.7636458355,14887.6052898782,14950.4309842015
"S652","ROTHERHAM","ROTHERHAM","SOUTH YORKSHIRE",14376.5061502077,14454.4986960726,14525.6148296573,14591.125352539,14652.6999015267
"S101","SHEFFIELD","SHEFFIELD","SOUTH YORKSHIRE",16275.8110856718,16364.1073608116,16444.6187690268,16518.7839996751,16588.4932681537
"DN67","DONCASTER","DONCASTER","SOUTH YORKSHIRE",11405.389872527,11467.2641125854,11523.6830520194,11575.654862584,11624.5041261041
"S138","SHEFFIELD","SHEFFIELD","SOUTH YORKSHIRE",14142.8109120634,14219.5356612613,14289.4957767147,14353.9414026677,14414.5150353869
"S669","ROTHERHAM","ROTHERHAM","SOUTH YORKSHIRE",5551.32415701089,5581.44009056268,5608.90077580825,5634.19691830714,5657.9732293024
"S639","ROTHERHAM","BARNSLEY","SOUTH YORKSHIRE",6972.61610536156,7010.44254773315,7044.933925068,7076.70657707005,7106.57027882529
"S663","ROTHERHAM","ROTHERHAM","SOUTH YORKSHIRE",7193.56433051622,7232.58941700928,7268.17375694096,7300.95322058476,7331.76324317563
"S141","SHEFFIELD","SHEFFIELD","SOUTH YORKSHIRE",10266.6567121145,10322.3533247777,10373.1393031356,10419.9221613928,10463.8942329138
"DN57","DONCASTER","DONCASTER","SOUTH YORKSHIRE",9382.86381149584,9433.7658476732,9480.17997564375,9522.93558733391,9563.12237551246
"S350","SHEFFIELD","SHEFFIELD","SOUTH YORKSHIRE",6930.12606206259,6967.72199594928,7002.00318816935,7033.58222254799,7063.26393952714
"S104","SHEFFIELD","SHEFFIELD","SOUTH YORKSHIRE",7347.590737475,7387.45141722581,7423.79767819856,7457.27900572723,7488.7487231314
"S702","BARNSLEY","BARNSLEY","SOUTH YORKSHIRE",1720.84675360843,1730.18234724676,1738.69484439521,1746.53635814343,1753.9067415748
"DN40","DONCASTER","DONCASTER","SOUTH YORKSHIRE",24345.7325592294,24477.8081583632,24598.2389745023,24709.1770322773,24813.4497593536
"DN32","DONCASTER","DONCASTER","SOUTH YORKSHIRE",44700.5878016027,44943.0884904264,45164.2084857993,45367.8990660702,45559.351600129
"S124","SHEFFIELD","SHEFFIELD","SOUTH YORKSHIRE",14578.3338558778,14657.421317046,14729.5358299258,14795.9660365188,14858.4050131929
"DN26","DONCASTER","DONCASTER","SOUTH YORKSHIRE",8796.50121397,8844.22223305579,8887.73580644242,8927.81949492948,8965.49489319808
"S105","SHEFFIELD","SHEFFIELD","SOUTH YORKSHIRE",9125.79904953705,9175.30650938079,9220.44901740694,9262.03324247545,9301.11902275869
"S626","ROTHERHAM","ROTHERHAM","SOUTH YORKSHIRE",4849.17619149536,4875.48297233422,4899.4703485581,4921.5669598301,4942.33597240058
"S755","BARNSLEY","BARNSLEY","SOUTH YORKSHIRE",9165.10233958859,9214.82301978086,9260.15994903819,9301.92327040835,9341.17738660947
"DN60","DONCASTER","DONCASTER","SOUTH YORKSHIRE",6674.12355118627,6710.33067145146,6743.345498355,6773.75798655258,6802.34324525583
"S625","ROTHERHAM","ROTHERHAM","SOUTH YORKSHIRE",7135.14052098014,7173.84865830645,7209.14399370532,7241.65723311693,7272.21702664068
"S649","MEXBOROUGH","DONCASTER","SOUTH YORKSHIRE",8323.79948226892,8368.95609446023,8410.13135844497,8448.06105087156,8483.71186850624
"S756","BARNSLEY","BARNSLEY","SOUTH YORKSHIRE",7299.78943876366,7339.39079646895,7375.50059918758,7408.76410688992,7440.02909142099
"S613","ROTHERHAM","ROTHERHAM","SOUTH YORKSHIRE",8249.44190649572,8294.19512883846,8335.00256887234,8372.59343045796,8407.92577473449
"S204","SHEFFIELD","SHEFFIELD","SOUTH YORKSHIRE",4240.50632123756,4263.51106803027,4284.48754248498,4303.81058130159,4321.97266195468
"S740","BARNSLEY","BARNSLEY","SOUTH YORKSHIRE",7893.58779386681,7936.41050764854,7975.45764734617,8011.4269613357,8045.23518311254
"S720","BARNSLEY","BARNSLEY","SOUTH YORKSHIRE",3552.16761979419,3571.43812913157,3589.0096047269,3605.19603804422,3620.40996532477
"S752","BARNSLEY","BARNSLEY","SOUTH YORKSHIRE",9195.90762098036,9245.79541982417,9291.28473328971,9333.18842743685,9372.57448260063
"S359","SHEFFIELD","SHEFFIELD","SOUTH YORKSHIRE",4618.66770659843,4643.72397890672,4666.57110088294,4687.61733654793,4707.39908170816
"S122","SHEFFIELD","SHEFFIELD","SOUTH YORKSHIRE",12648.223639022,12716.8402522637,12779.4071063048,12837.0422323542,12891.2145505748
"S636","ROTHERHAM","ROTHERHAM","SOUTH YORKSHIRE",9536.89021845462,9588.62784788973,9635.80389690135,9679.26137247638,9720.10785546822
"DN58","DONCASTER","DONCASTER","SOUTH YORKSHIRE",12188.2689203106,12254.3902792033,12314.6818793769,12370.2210946529,12422.4234276724
"S612","ROTHERHAM","ROTHERHAM","SOUTH YORKSHIRE",13567.0708253623,13640.6721845899,13707.784291738,13769.6063988938,13827.7141378971
"S638","ROTHERHAM","BARNSLEY","SOUTH YORKSHIRE",7580.22372453688,7621.3464382425,7658.84346271865,7693.38484673551,7725.85093078874
"S174","SHEFFIELD","SHEFFIELD","SOUTH YORKSHIRE",8666.90658190813,8713.92455011498,8756.79705890155,8796.2902136372,8833.41055833874
"S117","SHEFFIELD","SHEFFIELD","SOUTH YORKSHIRE",11299.1647642795,11360.4627331258,11416.3562097727,11467.8439762788,11516.2382778587
"S351","SHEFFIELD","SHEFFIELD","SOUTH YORKSHIRE",7687.51108386679,7729.21583149677,7767.24357338773,7802.27384190371,7835.19943751654
"S727","BARNSLEY","BARNSLEY","SOUTH YORKSHIRE",4962.83705732011,4989.76044835607,5014.31006976199,5036.92460817661,5058.18043002312
"S173","SHEFFIELD","SHEFFIELD","SOUTH YORKSHIRE",7889.33878953692,7932.13845247016,7971.16457365631,8007.1145258835,8040.90454918273
"S640","MEXBOROUGH","DONCASTER","SOUTH YORKSHIRE",8083.73073762972,8127.58497688136,8167.57269496762,8204.40844782192,8239.03105147173
"S202","SHEFFIELD","SHEFFIELD","SOUTH YORKSHIRE",4178.89575845405,4201.56626794366,4222.23797398195,4241.2802672446,4259.17846997238
"S661","ROTHERHAM","ROTHERHAM","SOUTH YORKSHIRE",5916.73852938207,5948.83683590397,5978.10511313661,6005.06636719686,6030.40774726643
"S654","ROTHERHAM","ROTHERHAM","SOUTH YORKSHIRE",8039.1161921658,8082.7283975083,8122.49542122404,8159.12787557376,8193.55939520868
"S651","ROTHERHAM","ROTHERHAM","SOUTH YORKSHIRE",6075.01394067075,6107.97089129888,6138.02210808408,6165.70458779154,6191.72386115202
"S203","SHEFFIELD","SHEFFIELD","SOUTH YORKSHIRE",352.667359381481,354.580579806125,356.325116258771,357.932142533098,359.442616174588
"S266","SHEFFIELD","ROTHERHAM","SOUTH YORKSHIRE",4039.74086664991,4061.65646085149,4081.63981063888,4100.04800618486,4117.35020877096
"S645","MEXBOROUGH","ROTHERHAM","SOUTH YORKSHIRE",2402.81194855695,2415.84720337788,2427.73317161849,2438.68224822249,2448.97348730999
"S653","ROTHERHAM","ROTHERHAM","SOUTH YORKSHIRE",9298.94597598036,9349.39275790006,9395.39177026893,9437.76498715284,9477.59235539862
"S738","BARNSLEY","BARNSLEY","SOUTH YORKSHIRE",8845.36476376382,8893.35086760724,8937.10615387587,8977.41250262985,9015.29718339095
"S706","BARNSLEY","BARNSLEY","SOUTH YORKSHIRE",8128.34528309364,8172.44155625443,8212.6499687112,8249.68902007009,8284.50270773478
"S754","BARNSLEY","BARNSLEY","SOUTH YORKSHIRE",5031.88337768094,5059.18134500486,5084.07251722229,5107.00168427496,5128.5532313826
"S358","SHEFFIELD","SHEFFIELD","SOUTH YORKSHIRE",4814.1219057737,4840.23851711253,4864.05249061672,4885.9893673494,4906.60824247962
"S361","SHEFFIELD","SHEFFIELD","SOUTH YORKSHIRE",7402.82779376367,7442.98813454484,7479.6076361668,7513.34066660591,7545.04696421899
"S139","SHEFFIELD","SHEFFIELD","SOUTH YORKSHIRE",8180.39558613488,8224.77423218967,8265.24012141204,8302.51635435961,8337.55297337501
"DN25","DONCASTER","DONCASTER","SOUTH YORKSHIRE",8590.42450396998,8637.02755690402,8679.52173248399,8718.66637549749,8755.45914760209
"S103","SHEFFIELD","SHEFFIELD","SOUTH YORKSHIRE",11523.2997426816,11585.8136437857,11642.8158469131,11695.3249463827,11744.6792176564
"S630","ROTHERHAM","BARNSLEY","SOUTH YORKSHIRE",9227.77515345459,9277.83583366208,9323.4827859637,9365.53169332839,9405.05423707424
"S611","ROTHERHAM","ROTHERHAM","SOUTH YORKSHIRE",7598.28199293895,7639.50267275064,7677.08902590057,7711.71269740739,7744.25612499044
"S602","ROTHERHAM","ROTHERHAM","SOUTH YORKSHIRE",7222.24510974303,7261.42578946339,7297.15200434755,7330.06215988716,7360.99502220188
"S648","MEXBOROUGH","ROTHERHAM","SOUTH YORKSHIRE",13796.5170591767,13871.3631642228,13939.6102709907,14002.4779133129,14061.5683701071
"S713","BARNSLEY","BARNSLEY","SOUTH YORKSHIRE",10111.5680540732,10166.4233107666,10216.4421134556,10262.5182673872,10305.8260944756
"S729","BARNSLEY","BARNSLEY","SOUTH YORKSHIRE",4686.65177587678,4712.07686176092,4735.26027992078,4756.61630378322,4776.68922458519
"S362","SHEFFIELD","SHEFFIELD","SOUTH YORKSHIRE",6479.73160309347,6514.88414704025,6546.93737704369,6576.46406461416,6604.21674296683
"S357","SHEFFIELD","BARNSLEY","SOUTH YORKSHIRE",3124.08043355703,3141.02856990908,3156.48243047303,3170.71816623446,3184.09859689597
"S739","BARNSLEY","BARNSLEY","SOUTH YORKSHIRE",7288.10467685644,7327.64264472839,7363.69464654045,7396.90490939635,7428.119848114
"S267","SHEFFIELD","ROTHERHAM","SOUTH YORKSHIRE",1995.96978396928,2006.79792004732,2016.67136581395,2025.76655367377,2034.31528853027
"S255","SHEFFIELD","ROTHERHAM","SOUTH YORKSHIRE",2660.93896159822,2675.37455546489,2688.53739827778,2700.66270194401,2712.05949854621
"DN45","DONCASTER","DONCASTER","SOUTH YORKSHIRE",5743.59160293875,5774.75058738469,5803.16236027463,5829.33462251947,5853.9344146265
"S703","BARNSLEY","BARNSLEY","SOUTH YORKSHIRE",8461.89212299059,8507.79788775781,8549.65625336558,8588.21520306826,8624.45747122521
"S265","SHEFFIELD","ROTHERHAM","SOUTH YORKSHIRE",3469.31203536119,3488.13305315303,3505.29466777454,3521.1035467262,3535.96260369339
"S369","SHEFFIELD","BARNSLEY","SOUTH YORKSHIRE",3215.43402664983,3232.8777562444,3248.78351480512,3263.43552845689,3277.20722638698
"S353","SHEFFIELD","SHEFFIELD","SOUTH YORKSHIRE",3507.55307433027,3526.58154975851,3543.93233098332,3559.91546579606,3574.93830906172
"S751","BARNSLEY","BARNSLEY","SOUTH YORKSHIRE",7449.56684139254,7489.9807415071,7526.83144675531,7560.77745658018,7592.68393744695
"S253","SHEFFIELD","ROTHERHAM","SOUTH YORKSHIRE",2143.62268443322,2155.25183749627,2165.85567653675,2175.62368563793,2184.80481759132
"DN93","DONCASTER","DONCASTER","SOUTH YORKSHIRE",6802.65593216567,6839.56034059767,6873.21097747341,6904.20915898181,6933.34492163271
"S701","BARNSLEY","BARNSLEY","SOUTH YORKSHIRE",6027.2126419594,6059.91027054203,6089.7250290731,6117.18968895422,6143.0042294416
"S123","SHEFFIELD","SHEFFIELD","SOUTH YORKSHIRE",9253.26917943397,9303.4681647324,9349.24122810288,9391.40630604163,9431.03804065312
"S102","SHEFFIELD","SHEFFIELD","SOUTH YORKSHIRE",6086.69870257796,6119.71904303945,6149.8280607312,6177.5637852851,6203.633104459
"S711","BARNSLEY","BARNSLEY","SOUTH YORKSHIRE",8548.99671175348,8595.37501891475,8637.66426400781,8676.62012983848,8713.2354667864
"S251","SHEFFIELD","ROTHERHAM","SOUTH YORKSHIRE",1318.25359335065,1325.40511909458,1331.92611228053,1337.93309904691,1343.57917672489
"DN14","GOOLE","DONCASTER","SOUTH YORKSHIRE",49120.6145557784,49387.0938897435,49630.078391681,49853.9100452275,50064.2935456184
"S748","BARNSLEY","BARNSLEY","SOUTH YORKSHIRE",4406.21749010356,4430.12121998737,4451.91741638971,4471.99556393763,4490.86738521744
"S601","ROTHERHAM","ROTHERHAM","SOUTH YORKSHIRE",1333.1251085053,1340.35731221894,1346.95187019505,1353.02662312963,1358.73639547924
"S354","SHEFFIELD","SHEFFIELD","SOUTH YORKSHIRE",6755.9168845368,6792.56773363541,6825.9871668849,6856.77236900755,6885.70794840476
"DN13","DONCASTER","DONCASTER","SOUTH YORKSHIRE",2162.74320391775,2174.47608579901,2185.17450814114,2195.02964517286,2204.29267027549
"S262","SHEFFIELD","ROTHERHAM","SOUTH YORKSHIRE",7333.78147340284,7373.56723789605,7409.8451887065,7443.26359050756,7474.6741628595
"S206","SHEFFIELD","SHEFFIELD","SOUTH YORKSHIRE",2754.41705685596,2769.3597693894,2782.9850194548,2795.53628189254,2807.33344500213
"S364","SHEFFIELD","SHEFFIELD","SOUTH YORKSHIRE",759.509523969153,763.629863136685,767.386922063318,770.847837081823,774.100814954309
"S263","SHEFFIELD","ROTHERHAM","SOUTH YORKSHIRE",2697.05549840235,2711.68702448118,2725.02852464163,2737.31840328776,2748.86988694963
"S261","SHEFFIELD","ROTHERHAM","SOUTH YORKSHIRE",1735.71826876307,1745.13454037111,1753.72060230974,1761.62988222615,1769.06396032915
"S803","WORKSOP","ROTHERHAM","SOUTH YORKSHIRE",5288.94813963973,5317.64068329728,5343.8034754591,5367.90402913342,5390.55658413637
"S363","SHEFFIELD","SHEFFIELD","SOUTH YORKSHIRE",410.028917835095,412.25332471435,414.281611071945,416.150021137879,417.906174227081
"DE11","SWADLINCOTE","SHEFFIELD","SOUTH YORKSHIRE",51894.1521321189,52175.6779074356,52432.3822427402,52668.852286655,52891.1148433047
"IP18","SOUTHWOLD","SHEFFIELD","SOUTH YORKSHIRE",4312.73939484582,4336.13600606286,4357.46979521269,4377.12198398909,4395.59343876153
"LS28","PUDSEY","LEEDS","WEST YORKSHIRE",42656.816718922,42888.2299496222,43099.2400409743,43293.6176135591,43476.3166798883
"WF82","PONTEFRACT","WAKEFIELD","WEST YORKSHIRE",15453.6287478367,15537.4646837937,15613.909010038,15684.3277396732,15750.5156027347
"OL14","TODMORDEN","CALDERDALE","WEST YORKSHIRE",26354.4493561884,26497.4222439457,26627.7895613859,26747.8808923077,26860.7569496733
"LS18","LEEDS","LEEDS","WEST YORKSHIRE",20071.2342033526,20180.1206489058,20279.4068424984,20370.8669673581,20456.8320259604
"WF14","MIRFIELD","KIRKLEES","WEST YORKSHIRE",31629.5882317559,31801.1787479132,31957.6405473529,32101.7695062215,32237.2389735377
"HD50","HUDDERSFIELD","KIRKLEES","WEST YORKSHIRE",5583.19168948513,5613.48050440058,5641.09882848223,5666.54018419869,5690.45298377601
"BD61","BRADFORD","BRADFORD","WEST YORKSHIRE",10081.825023764,10136.5189245179,10186.3905976265,10232.3312192218,10275.5116569669
"BD74","BRADFORD","BRADFORD","WEST YORKSHIRE",9268.14069458861,9318.42035785675,9364.26698601741,9406.49983012435,9446.19525940747
"BD94","BRADFORD","BRADFORD","WEST YORKSHIRE",10146.6223397949,10201.6677659883,10251.8599713969,10298.0958598679,10341.5538243966
"LS10","LEEDS","LEEDS","WEST YORKSHIRE",37746.0299646432,37950.8021772014,38137.5201239132,38309.520339672,38471.1865155054
"HX37","HALIFAX","CALDERDALE","WEST YORKSHIRE",10251.7851969598,10307.4011316534,10358.1135452211,10404.82863731,10448.7370141595
"LS25","LEEDS","LEEDS","WEST YORKSHIRE",42401.8764591282,42631.906638919,42841.6556195824,43034.8714864268,43216.4786440995
"HD61","BRIGHOUSE","CALDERDALE","WEST YORKSHIRE",2809.65411314463,2824.89648670844,2838.79497742304,2851.59794277122,2863.63168608971
"BD10","BRADFORD","BRADFORD","WEST YORKSHIRE",27493.1825166008,27642.3330317534,27778.3333102696,27903.613593499,28021.3668428635
"LS17","LEEDS","LEEDS","WEST YORKSHIRE",46129.3155075306,46379.567044159,46607.7545140163,46817.9554868745,47015.5272590291
"BD16","BINGLEY","BRADFORD","WEST YORKSHIRE",27409.2646810854,27557.9599419803,27693.5451048948,27818.4429933179,27935.8368227497
"BD72","BRADFORD","BRADFORD","WEST YORKSHIRE",12566.4303056714,12634.6031900797,12696.7654377749,12754.0278498993,12807.8498474258
"LS29","ILKLEY","BRADFORD","WEST YORKSHIRE",38984.6147268082,39196.1062617012,39388.9511045088,39566.5952739901,39733.5663060463
"BD63","BRADFORD","BRADFORD","WEST YORKSHIRE",13772.0852842798,13846.798846947,13914.925097274,13977.6814094627,14036.6672250106
"WF12","DEWSBURY","KIRKLEES","WEST YORKSHIRE",43624.5274550562,43861.1905164998,44076.987573841,44275.774787799,44462.6185574035
"LS16","LEEDS","LEEDS","WEST YORKSHIRE",39113.1471077877,39325.3359308474,39518.8165836272,39697.0464464193,39864.5679824232
"WF84","PONTEFRACT","WAKEFIELD","WEST YORKSHIRE",7830.91498000083,7873.39769376733,7912.13481042067,7947.81853841566,7981.35833264778
"HD22","HUDDERSFIELD","KIRKLEES","WEST YORKSHIRE",14903.382687115,14984.2335381926,15057.9559672005,15125.8673486126,15189.6985088237
"BD15","BRADFORD","BRADFORD","WEST YORKSHIRE",17072.4993975276,17165.1177067592,17249.5700858764,17327.3656469637,17400.4871299939
"HX20","HALIFAX","CALDERDALE","WEST YORKSHIRE",9325.50225304222,9376.09310276497,9422.22348083058,9464.71770872912,9504.65881745996
"HX39","HALIFAX","CALDERDALE","WEST YORKSHIRE",7438.9443305678,7479.30060356113,7516.09876253065,7549.99636794966,7581.85735262241
"BD47","BRADFORD","BRADFORD","WEST YORKSHIRE",5063.75091015517,5091.22175884276,5116.27056989627,5139.3449501665,5161.0329858562
"BD18","SHIPLEY","BRADFORD","WEST YORKSHIRE",28954.8400060855,29111.9200131186,29255.1506595831,29387.0913890578,29511.1049147196
"BD11","BRADFORD","LEEDS","WEST YORKSHIRE",12469.7654571663,12537.4139347714,12599.0980113305,12655.9199433616,12709.3279255226
"WF92","PONTEFRACT","WAKEFIELD","WEST YORKSHIRE",11011.294720929,11071.03099479,11125.5004672844,11175.6764743919,11222.8378291138
"HX30","HALIFAX","CALDERDALE","WEST YORKSHIRE",8064.61021814518,8108.36072857862,8148.25386336323,8185.002488287,8219.54319878757
"LS13","LEEDS","LEEDS","WEST YORKSHIRE",37685.4816529421,37889.9253909093,38076.3438238326,38248.0681344781,38409.4749820056
"BD22","KEIGHLEY","BRADFORD","WEST YORKSHIRE",36757.0742068596,36956.4813344318,37138.3072225972,37305.8009881711,37463.2314683412
"WF43","WAKEFIELD","WAKEFIELD","WEST YORKSHIRE",9806.7019934031,9859.90335171731,9908.41407620776,9953.10102369146,9995.10311001144
"LS19","LEEDS","LEEDS","WEST YORKSHIRE",21069.7502208785,21184.0536158268,21288.2791596167,21384.2892986265,21474.5309994667
"WF16","HECKMONDWIKE","KIRKLEES","WEST YORKSHIRE",13408.7954140736,13481.5381291949,13547.8672967906,13608.9681782991,13666.3980240115
"LS26","LEEDS","LEEDS","WEST YORKSHIRE",31889.8397469621,32062.8421275894,32220.5913108571,32365.9061776691,32502.4903017389
"HX38","HALIFAX","CALDERDALE","WEST YORKSHIRE",7664.14156005236,7705.71952801564,7743.63166809348,7778.55544691658,7811.38095090257
"HD63","BRIGHOUSE","CALDERDALE","WEST YORKSHIRE",12817.1215611354,12886.6544456045,12950.0567854769,13008.4615415794,13063.3572492849
"WF50","OSSETT","WAKEFIELD","WEST YORKSHIRE",9244.77117077418,9294.92405437563,9340.65508072315,9382.78143513722,9422.37677279349
"WF44","WAKEFIELD","WAKEFIELD","WEST YORKSHIRE",9471.03065134121,9522.41099262473,9569.26125470844,9612.41862296718,9652.9830295561
"WF76","PONTEFRACT","WAKEFIELD","WEST YORKSHIRE",6801.59368108319,6838.49232680307,6872.13770905094,6903.13105011876,6932.26226315026
"BD19","CLECKHEATON","KIRKLEES","WEST YORKSHIRE",23389.7065850025,23516.5957432261,23632.2973942828,23738.879055531,23839.0571251453
"LS42","LEEDS","LEEDS","WEST YORKSHIRE",9636.74182020721,9689.02114458183,9736.69112861317,9780.60360560322,9821.87775281886
"HX48","HALIFAX","CALDERDALE","WEST YORKSHIRE",6697.49307500071,6733.82697493259,6766.95740364926,6797.47638153971,6826.16173186981
"BD13","BRADFORD","BRADFORD","WEST YORKSHIRE",28207.0152440236,28360.0383017224,28499.5696901669,28628.1027494696,28748.9133430723
"BD20","KEIGHLEY","BRADFORD","WEST YORKSHIRE",37513.3969775813,37716.9071561847,37902.4743393931,38073.4144986638,38234.0843078481
"LS15","LEEDS","LEEDS","WEST YORKSHIRE",37386.9890987668,37589.8135146277,37774.7553971196,37945.1195439606,38105.2479484361
"LS27","LEEDS","LEEDS","WEST YORKSHIRE",40694.8389695919,40915.608471002,41116.9132646793,41302.350543503,41476.6464627966
"HD75","HUDDERSFIELD","KIRKLEES","WEST YORKSHIRE",10469.5466688671,10526.3439595457,10578.1335718267,10625.8409542356,10670.6820030625
"HD95","HOLMFIRTH","KIRKLEES","WEST YORKSHIRE",4833.24242525824,4859.46276541527,4883.37132222111,4905.39532688433,4926.09609516378
"HX13","HALIFAX","CALDERDALE","WEST YORKSHIRE",7916.95731768125,7959.90681112967,7999.06955264043,8035.14535632284,8069.05366972652
"LS21","OTLEY","LEEDS","WEST YORKSHIRE",18832.6494411876,18934.816564406,19027.9758619029,19113.7920330401,19194.4522354195
"HD94","HOLMFIRTH","KIRKLEES","WEST YORKSHIRE",4232.00831257777,4254.9669576735,4275.90139510525,4295.18571039718,4313.31139409506
"BD12","BRADFORD","BRADFORD","WEST YORKSHIRE",18116.6922115998,18214.9752668478,18304.5929451607,18387.1466593433,18464.7404182458
"BD96","BRADFORD","BRADFORD","WEST YORKSHIRE",9373.30355175357,9424.15372352183,9470.52055984156,9513.23260756645,9553.37844917038
"WF41","WAKEFIELD","WAKEFIELD","WEST YORKSHIRE",9290.44796732057,9340.84864754329,9386.8056228892,9429.14011624843,9468.931087539
"WF81","PONTEFRACT","WAKEFIELD","WEST YORKSHIRE",4792.87688412422,4818.87824122059,4842.5871221674,4864.42719008837,4884.95507283054
"WF27","WAKEFIELD","WAKEFIELD","WEST YORKSHIRE",8596.79801046483,8643.4356396716,8685.96134301878,8725.1350286758,8761.95509849681
"WF75","PONTEFRACT","WAKEFIELD","WEST YORKSHIRE",7308.28744742345,7347.93490682573,7384.08674656731,7417.38897779433,7448.69035928062
"LS81","LEEDS","LEEDS","WEST YORKSHIRE",10267.718963197,10323.4213385723,10374.2125715581,10421.0002702558,10464.9768913963
"BD73","BRADFORD","BRADFORD","WEST YORKSHIRE",9188.47186340303,9238.319323262,9283.77185433244,9325.64166539548,9364.99587322345
"WF26","WAKEFIELD","WAKEFIELD","WEST YORKSHIRE",8623.35428752668,8670.13598453652,8712.79305358044,8752.08775025209,8789.02156055815
"LS20","LEEDS","LEEDS","WEST YORKSHIRE",13451.2854573726,13524.2586809788,13590.7980336892,13652.0925328212,13709.7043633097
"BD58","BRADFORD","BRADFORD","WEST YORKSHIRE",8230.32138701118,8274.97088053571,8315.68373726795,8353.18747092303,8388.43792205032
"HD92","HOLMFIRTH","KIRKLEES","WEST YORKSHIRE",4541.1233775778,4565.75897190116,4588.22250604291,4608.91538954517,4628.36501248905
"HD74","HUDDERSFIELD","KIRKLEES","WEST YORKSHIRE",8810.31047804217,8858.10641238555,8901.68829593448,8941.83491014915,8979.56945346998
"BD17","SHIPLEY","BRADFORD","WEST YORKSHIRE",19015.3566273731,19118.5149370766,19212.5780305671,19299.2267574849,19380.6694944015
"WF17","BATLEY","KIRKLEES","WEST YORKSHIRE",46440.5550746956,46692.4950859759,46922.2221617989,47133.8413837486,47332.746194388
"LS12","LEEDS","LEEDS","WEST YORKSHIRE",43631.9632126335,43868.666613062,44084.5004527983,44283.3215498404,44470.1971667807
"LS14","LEEDS","LEEDS","WEST YORKSHIRE",41525.5193160869,41750.7952583766,41956.2091710479,42145.4316744093,42323.2853960753
"BD14","BRADFORD","BRADFORD","WEST YORKSHIRE",10220.9799155681,10276.42873161,10326.9887609696,10373.5634802815,10417.3399181683
"HD89","HUDDERSFIELD","KIRKLEES","WEST YORKSHIRE",11207.8111711868,11268.6135467904,11324.0551254407,11375.1266140564,11423.1296483677
"WF10","CASTLEFORD","WAKEFIELD","WEST YORKSHIRE",48286.747456036,48548.703060985,48787.5626800451,49007.5945877321,49214.4066368923
"LS73","LEEDS","LEEDS","WEST YORKSHIRE",9179.97385474324,9229.77521290522,9275.18570695271,9317.01679449107,9356.33460536382
"WF31","WAKEFIELD","LEEDS","WEST YORKSHIRE",12085.2305653106,12150.7929411274,12210.5748423977,12265.6445349369,12317.4055548744
"LS83","LEEDS","LEEDS","WEST YORKSHIRE",13131.5478815478,13202.7865288052,13267.7442385269,13327.5817650427,13383.8241600911
"BD59","BRADFORD","BRADFORD","WEST YORKSHIRE",11140.8893529909,11201.3286777308,11256.4392148253,11307.2057556841,11354.9221639731
"HD34","HUDDERSFIELD","KIRKLEES","WEST YORKSHIRE",15039.3508256717,15120.939303901,15195.3343252762,15263.8652830832,15328.2787945778
"WF42","WAKEFIELD","WAKEFIELD","WEST YORKSHIRE",6901.44528283578,6938.88562349516,6973.02494076276,7004.4732832456,7034.0321605009
"BD21","KEIGHLEY","BRADFORD","WEST YORKSHIRE",37478.3426918596,37681.662700963,37867.0564814517,38037.8369061831,38198.3565779271
"HX64","SOWERBY BRIDGE","CALDERDALE","WEST YORKSHIRE",5496.08710072223,5525.90337324365,5553.09081784001,5578.13525742847,5601.67498821481
"HD21","HUDDERSFIELD","KIRKLEES","WEST YORKSHIRE",16436.2109991254,16525.3774437957,16606.6823008192,16681.5784379959,16751.9746990042
"LS84","LEEDS","LEEDS","WEST YORKSHIRE",6657.12753386668,6693.24245073791,6726.17320359554,6756.50824474376,6785.02070953658
"LS23","WETHERBY","LEEDS","WEST YORKSHIRE",9780.14571634124,9833.20300685239,9881.58236564611,9926.14830211517,9968.0366479501
"WF46","WAKEFIELD","WAKEFIELD","WEST YORKSHIRE",5093.49394046446,5121.12614509148,5146.32208572533,5169.53199833195,5191.34742336491
"BD48","BRADFORD","LEEDS","WEST YORKSHIRE",7294.47818335129,7334.05072749597,7370.13425707525,7403.37356257466,7434.61579900872
"HD33","HUDDERSFIELD","KIRKLEES","WEST YORKSHIRE",16072.9211289192,16160.1167260436,16239.6245003357,16312.8652068323,16381.7054980051
"BD49","BRADFORD","BRADFORD","WEST YORKSHIRE",5983.66034757795,6016.12170496356,6045.72102375198,6072.9872255691,6098.61523166101
"HX12","HALIFAX","CALDERDALE","WEST YORKSHIRE",4549.62138623759,4574.30308225793,4596.80865342264,4617.54026044958,4637.02628034867
"WF32","WAKEFIELD","LEEDS","WEST YORKSHIRE",5482.27783665006,5512.01919391389,5539.13832834795,5564.1198422088,5587.60042794292
"LS64","LEEDS","LEEDS","WEST YORKSHIRE",9835.38277262991,9888.73972417142,9937.39232361435,9982.20996299385,10024.3348890377
"WF77","PONTEFRACT","WAKEFIELD","WEST YORKSHIRE",7331.65697123789,7371.43121030685,7407.69865186156,7441.10737278146,7472.5088458946
"HD58","HUDDERSFIELD","KIRKLEES","WEST YORKSHIRE",14659.0649381459,14738.5903654353,14811.1042300333,14877.9023101107,14940.6870578594
"LS82","LEEDS","LEEDS","WEST YORKSHIRE",12736.3904788673,12805.4853972152,12868.4883853695,12926.5252679875,12981.0752046184
"WF28","WAKEFIELD","WAKEFIELD","WEST YORKSHIRE",14576.2093537129,14655.2852894568,14727.3892930809,14793.8098187927,14856.239696228
"HD62","BRIGHOUSE","CALDERDALE","WEST YORKSHIRE",7967.94536964002,8011.17147327031,8050.5864369188,8086.89458174931,8121.02127688429
"LS11","LEEDS","LEEDS","WEST YORKSHIRE",36961.0264146946,37161.5399829944,37344.3747597107,37512.797889877,37671.1018969723
"WF15","LIVERSEDGE","KIRKLEES","WEST YORKSHIRE",25827.5728192811,25967.6874018257,26095.4484238427,26213.1388962342,26323.7583423763
"LS53","LEEDS","LEEDS","WEST YORKSHIRE",9036.5699586092,9085.59335063466,9130.29446991978,9171.47209797912,9210.17571023259
"HX50","ELLAND","CALDERDALE","WEST YORKSHIRE",6192.9238108254,6226.52042249912,6257.15490297782,6285.37467159025,6311.89895270436
"WF11","KNOTTINGLEY","WAKEFIELD","WEST YORKSHIRE",19264.9856317546,19369.4981788069,19464.7961098466,19552.582340302,19635.0942377781
"BD37","BRADFORD","BRADFORD","WEST YORKSHIRE",7986.00363804208,8029.32770777846,8068.83200010073,8105.22243242118,8139.426471086
"WF13","DEWSBURY","KIRKLEES","WEST YORKSHIRE",38543.7805275814,38752.8805369435,38943.5447091853,39119.1800958237,39284.2630358281
"BD40","BRADFORD","BRADFORD","WEST YORKSHIRE",7114.95775041312,7153.55639620912,7188.75189367846,7221.17316471895,7251.64651547407
"LS22","WETHERBY","LEEDS","WEST YORKSHIRE",16774.0068433523,16865.0058304775,16947.9816591634,17024.4170564463,17096.2600964245
"LS99","LEEDS","LEEDS","WEST YORKSHIRE",6199.29731732024,6232.9285052667,6263.59451351262,6291.84332476856,6318.39490359908
"BD24","BRADFORD","BRADFORD","WEST YORKSHIRE",13667.9846781973,13742.1334950765,13809.7447918723,13872.0267408837,13930.5666937302
"BD89","BRADFORD","BRADFORD","WEST YORKSHIRE",10867.890824795,10926.8491325195,10980.6092302515,11030.1317778799,11076.6789339826
"BD23","BRADFORD","BRADFORD","WEST YORKSHIRE",39575.226328664,39789.921931497,39985.6883473999,40166.0238018467,40335.5244222905
"HX28","HALIFAX","CALDERDALE","WEST YORKSHIRE",7469.74961195955,7510.27300360443,7547.22354678217,7581.26152497816,7613.25444861356
"LS63","LEEDS","LEEDS","WEST YORKSHIRE",13242.0219941251,13313.8599634432,13379.3641544634,13439.7050868,13496.4206422663
"WF59","OSSETT","WAKEFIELD","WEST YORKSHIRE",6868.51549927908,6905.77719586267,6939.75361966631,6971.051908491,7000.46974754484
"HX36","HALIFAX","CALDERDALE","WEST YORKSHIRE",6801.59368108319,6838.49232680307,6872.13770905094,6903.13105011876,6932.26226315026
"HX27","HALIFAX","CALDERDALE","WEST YORKSHIRE",6465.9223390213,6500.99996771049,6532.98488755163,6562.44864939449,6590.14218269493
"WF34","WAKEFIELD","WAKEFIELD","WEST YORKSHIRE",7777.80242587711,7819.9970040375,7858.47138929736,7893.91309526309,7927.2254085251
"BD62","BRADFORD","BRADFORD","WEST YORKSHIRE",8090.10424412457,8133.99305964894,8174.01230550242,8210.87710100023,8245.52700236645
"BD95","BRADFORD","BRADFORD","WEST YORKSHIRE",11613.591084692,11676.5948163264,11734.0436628227,11786.9641997421,11836.705188665
"HD88","HUDDERSFIELD","KIRKLEES","WEST YORKSHIRE",12789.503032991,12858.886086945,12922.1518064928,12980.4307111401,13035.2081287411
"HX77","HEBDEN BRIDGE","CALDERDALE","WEST YORKSHIRE",2771.41307417555,2786.44799010295,2800.15731421426,2812.78602370137,2824.65598072139
"BD30","BRADFORD","BRADFORD","WEST YORKSHIRE",10383.5043311867,10439.8348421834,10491.1988296069,10538.5141363284,10582.9866659837
"HD96","HOLMFIRTH","KIRKLEES","WEST YORKSHIRE",6746.35662479453,6782.95560948404,6816.3277510827,6847.06938924008,6875.96402206268
"HX75","HEBDEN BRIDGE","CALDERDALE","WEST YORKSHIRE",4951.15229541289,4978.01229661551,5002.50411711486,5025.06541068304,5046.27118671613
"HX61","SOWERBY BRIDGE","CALDERDALE","WEST YORKSHIRE",4527.31411350563,4551.8747925714,4574.27001655085,4594.8999743255,4614.29045221715
"BD38","BRADFORD","BRADFORD","WEST YORKSHIRE",9652.67558644432,9705.04135150078,9752.79015495017,9796.77523854899,9838.11763005567
"HX78","HEBDEN BRIDGE","CALDERDALE","WEST YORKSHIRE",4011.0600874231,4032.82008839738,4052.66156323229,4070.93906688247,4088.11842974471
"HD93","HOLMFIRTH","KIRKLEES","WEST YORKSHIRE",4249.00432989736,4272.05517838705,4293.07368986471,4312.435452206,4330.63392981431
"HD97","HOLMFIRTH","KIRKLEES","WEST YORKSHIRE",5291.07264180468,5319.77671088647,5345.95001230404,5370.06024685953,5392.72190110127
"HD45","HUDDERSFIELD","KIRKLEES","WEST YORKSHIRE",12827.7440719601,12897.3345835505,12960.7894697016,13019.2426302099,13074.1838341094
"HD13","HUDDERSFIELD","KIRKLEES","WEST YORKSHIRE",8824.11974211434,8871.99059171531,8915.64078542655,8955.85032536882,8993.64401374188
"HD47","HUDDERSFIELD","KIRKLEES","WEST YORKSHIRE",7710.88060768123,7752.7121349779,7790.85547868199,7825.99223689085,7859.01792413053
"BD46","BRADFORD","BRADFORD","WEST YORKSHIRE",7704.50710118638,7746.30405221032,7784.41586814719,7819.52358371254,7852.5219732358
"WF20","WAKEFIELD","WAKEFIELD","WEST YORKSHIRE",12031.0557601044,12096.3242376029,12155.8381528519,12210.6609829213,12262.1899722692
"BD88","BRADFORD","BRADFORD","WEST YORKSHIRE",7073.52995819662,7111.90385821984,7146.89442520228,7179.12691905995,7209.42283465838
"WF62","NORMANTON","WAKEFIELD","WEST YORKSHIRE",10465.2976645372,10522.0719043673,10573.8404981368,10621.5285187834,10666.3513691327
"HD14","HUDDERSFIELD","KIRKLEES","WEST YORKSHIRE",9073.74874649581,9122.97383344555,9167.8588647061,9209.20590818592,9248.06875711847
"LS74","LEEDS","LEEDS","WEST YORKSHIRE",8603.17151695967,8649.84372243918,8692.40095355358,8731.6036818541,8768.45104939153
"HD80","HUDDERSFIELD","KIRKLEES","WEST YORKSHIRE",12459.1429463415,12526.7337968254,12588.3653271058,12645.1388547311,12698.501340698
"HX62","SOWERBY BRIDGE","CALDERDALE","WEST YORKSHIRE",6563.64943860894,6599.25723681339,6631.72558241852,6661.63466479522,6689.74676308066
"WF61","NORMANTON","WAKEFIELD","WEST YORKSHIRE",12178.7086605683,12244.7781550519,12305.0224635747,12360.5181148855,12412.6795013303
"LS72","LEEDS","LEEDS","WEST YORKSHIRE",8148.52805366066,8192.73381835176,8233.04206873806,8270.17308846806,8305.0732189014
"WF94","PONTEFRACT","WAKEFIELD","WEST YORKSHIRE",9544.32597603194,9596.10394445191,9643.31677585861,9686.80813451774,9727.6864648454
"LS90","LEEDS","LEEDS","WEST YORKSHIRE",6397.93826974294,6432.6470848563,6464.29570851379,6493.44968215919,6520.8520398179
"WF58","OSSETT","WAKEFIELD","WEST YORKSHIRE",6439.36606195944,6474.29962284557,6506.15317698997,6535.4959278182,6563.07572063359
"HX29","HALIFAX","CALDERDALE","WEST YORKSHIRE",9510.33394139276,9561.92750302481,9608.9721863397,9652.30865090009,9693.04139340689
"HD91","HOLMFIRTH","KIRKLEES","WEST YORKSHIRE",7699.19584577401,7740.96398323733,7779.04952603486,7814.13303939728,7847.10868082353
"HX49","HALIFAX","CALDERDALE","WEST YORKSHIRE",4431.71151608294,4455.75355105769,4477.6758585289,4497.87017665086,4516.85118879633
"HD46","HUDDERSFIELD","KIRKLEES","WEST YORKSHIRE",11621.0268422693,11684.0709128886,11741.55654178,11794.5109617834,11844.2837980421
"HD15","HUDDERSFIELD","KIRKLEES","WEST YORKSHIRE",3012.54406989723,3028.88712147642,3043.78924611408,3057.51673561406,3070.41945623835
"HD76","HUDDERSFIELD","KIRKLEES","WEST YORKSHIRE",4807.74839927886,4833.83043434495,4857.61288008192,4879.52071417109,4900.11229158489
"HX59","ELLAND","CALDERDALE","WEST YORKSHIRE",4706.8345464438,4732.36912385825,4755.65237994764,4777.1003721812,4797.25973575181
"HX40","HALIFAX","CALDERDALE","WEST YORKSHIRE",1804.7645891239,1814.5554370199,1823.48304977004,1831.7069583245,1839.43676168863
"HD59","HUDDERSFIELD","KIRKLEES","WEST YORKSHIRE",12747.0129896921,12816.1655351611,12879.2210695941,12937.306356618,12991.9017894429
"WF91","PONTEFRACT","WAKEFIELD","WEST YORKSHIRE",7237.11662489767,7276.37798258774,7312.17776226208,7345.15568396988,7376.15224095623
"WF93","PONTEFRACT","WAKEFIELD","WEST YORKSHIRE",9064.18848675353,9113.36170929417,9158.1994489039,9199.50292841845,9238.32483077638
"HD64","BRIGHOUSE","CALDERDALE","WEST YORKSHIRE",5451.47255525831,5481.04679387059,5508.01354409643,5532.8546851803,5556.20333195176
"LS61","LEEDS","LEEDS","WEST YORKSHIRE",16580.677146342,16670.6273198609,16752.6468062746,16828.2012433709,16899.2162526179
"WF83","PONTEFRACT","WAKEFIELD","WEST YORKSHIRE",6314.02043422747,6348.27399508316,6379.50750313897,6408.27908197812,6435.32201970407
"WF29","WAKEFIELD","WAKEFIELD","WEST YORKSHIRE",10371.8195692794,10428.0866904428,10479.3928769598,10526.6549388349,10571.0774226767
"WF45","WAKEFIELD","WAKEFIELD","WEST YORKSHIRE",5440.85004443357,5470.36665592462,5497.28085987177,5522.07359654979,5545.37674712723
"LS98","LEEDS","LEEDS","WEST YORKSHIRE",5529.01688427893,5559.01180087615,5586.36213893646,5611.55663218306,5635.23740117087
"WF33","WAKEFIELD","LEEDS","WEST YORKSHIRE",9277.70095433088,9328.03248200812,9373.9264018196,9416.20280989181,9455.93918574955
"BD80","BRADFORD","BRADFORD","WEST YORKSHIRE",8426.83783726893,8472.55343253612,8514.23839542419,8552.63761058756,8588.72974130424
"HX26","HALIFAX","CALDERDALE","WEST YORKSHIRE",5337.81168943355,5366.76931784873,5393.17382289255,5417.49703683379,5440.35887432923
"LS96","LEEDS","LEEDS","WEST YORKSHIRE",12736.3904788673,12805.4853972152,12868.4883853695,12926.5252679875,12981.0752046184
"HX35","HALIFAX","CALDERDALE","WEST YORKSHIRE",8581.92649531018,8628.48344654724,8670.93558510426,8710.04150459308,8746.79787974246
"LS85","LEEDS","LEEDS","WEST YORKSHIRE",8499.07091087719,8545.1783705687,8587.22064815189,8625.94901327506,8662.35051811108
"HD16","HUDDERSFIELD","KIRKLEES","WEST YORKSHIRE",3224.99428639209,3242.48988039577,3258.44293060732,3273.13850822436,3286.95115272906
"HX76","HEBDEN BRIDGE","CALDERDALE","WEST YORKSHIRE",2397.50069314458,2410.50713440489,2422.36682950616,2433.29170390724,2443.56019489773
"LS97","LEEDS","LEEDS","WEST YORKSHIRE",7809.66995835134,7852.0374178754,7890.66944197135,7926.25636115464,7959.70516299871
"HX63","SOWERBY BRIDGE","CALDERDALE","WEST YORKSHIRE",3264.29757644364,3282.00639079585,3298.15386223857,3313.02853615726,3327.00951657985
"BD71","BRADFORD","BRADFORD","WEST YORKSHIRE",6522.22164639244,6557.60469882412,6589.86811394234,6619.58841913622,6647.52308226497
"HX11","HALIFAX","CALDERDALE","WEST YORKSHIRE",514.12952391758,516.918676584833,519.46191647363,521.804689716927,524.006705507532
"LS71","LEEDS","LEEDS","WEST YORKSHIRE",4093.9156718561,4116.12516437592,4136.37650018465,4155.03155820049,4172.56579137609
"LS62","LEEDS","LEEDS","WEST YORKSHIRE",11624.2135955167,11687.2749542724,11744.7763470474,11797.7452883726,11847.5317734895
"HX14","HALIFAX","CALDERDALE","WEST YORKSHIRE",7921.20632201115,7964.17886630806,8003.36262633029,8039.45779177504,8073.38430365633
"BD50","BRADFORD","BRADFORD","WEST YORKSHIRE",7534.54692799049,7575.42184507484,7612.6929205526,7647.0261656243,7679.29661604323
"WF95","PONTEFRACT","WAKEFIELD","WEST YORKSHIRE",4831.11792309329,4857.32673782608,4881.22478537618,4903.23910915823,4923.93077819887
"BD57","BRADFORD","BRADFORD","WEST YORKSHIRE",6704.92883257803,6741.30307149476,6774.47028260652,6805.02314358107,6833.74034124698
"BD39","BRADFORD","BRADFORD","WEST YORKSHIRE",8116.66052118643,8160.69340451386,8200.84401606407,8237.82982257652,8272.59346442779
"LS31","LEEDS","LEEDS","WEST YORKSHIRE",3055.0341131962,3071.60767326029,3086.71998301273,3100.64109013612,3113.72579553649
"HX15","HALIFAX","CALDERDALE","WEST YORKSHIRE",4731.26632134071,4756.93344113398,4780.33755366436,4801.89687603139,4822.16088084824
"BD87","BRADFORD","BRADFORD","WEST YORKSHIRE",7094.77497984611,7133.26413411178,7168.35979365161,7200.68909632098,7231.07600430745
"HD11","HUDDERSFIELD","KIRKLEES","WEST YORKSHIRE",256.002510876316,257.39132449782,258.657689814349,259.824235995412,260.920694271312
"LS24","TADCASTER","LEEDS","WEST YORKSHIRE",12586.6130762384,12654.895452177,12717.1575378017,12774.5119182972,12828.4203585924
